use Joole_Team
go

/*Product details for Product 9*/
Insert into tblType(TypeID,TypeName,IsTOption,ProductID)
values (14,'Mounting Location',1,9)
,(15,'Accessories',1,9)
,(16,'AirFlow',0,9)
,(17,'Power (W)',0,9)
,(18,'Operating Voltage (VAC)',0,9)
,(19,'Fan speed (RPM)',0,9)
,(20,'Height (in)',0,9)
,(21,'Weight (lbs)',0,9)
,(22,'Application',1,9)
,(23,'Use Type',1,9)
,(24,'Number of fan speeds',0,9)
,(25,'Sound at max speed(dBA)',0,9)
,(26,'Fan sweep diameter (in)',0,9)
;

insert into tblTypeOptValue(TypeOptID,Opt,TypeID)
values (9,'Roof',14)
,(10,'With Light',15)
,(11,'Indoor',22)
,(12,'Commercial',23)
,(13,'Wall',14)
,(14,'Without Light',15)
,(15,'Outdoor',22)
,(16,'Residential',23)
;

insert into tblTypeSpecValue(TypeSpecID, Value, TypeID, Range)
values (14,'5,467',16,0)
,(15,'1.95',17,1)
,(16,'21.14',17,2)
,(17,'100',18,1)
,(18,'240',18,2)
,(19,'35',19,1)
,(20,'200',19,2)
,(21,'7',24,0)
,(22,'35',25,0)
,(23,'60',26,0)
,(24,'12.3',20,1)
,(25,'57',20,2)
,(26,'13',21,0)
;

/*Product details for Product 10*/
Insert into tblType(TypeID,TypeName,IsTOption,ProductID)
values (27,'Mounting Location',1,10)
,(28,'Accessories',1,10)
,(29,'AirFlow',0,10)
,(30,'Power (W)',0,10)
,(31,'Operating Voltage (VAC)',0,10)
,(32,'Fan speed (RPM)',0,10)
,(33,'Height (in)',0,10)
,(34,'Weight (lbs)',0,10)
,(35,'Application',1,10)
,(36,'Use Type',1,10)
,(37,'Number of fan speeds',0,10)
,(38,'Sound at max speed(dBA)',0,10)
,(39,'Fan sweep diameter (in)',0,10)
;

insert into tblTypeOptValue(TypeOptID,Opt,TypeID)
values (17,'Roof',27)
,(18,'With Light',28)
,(19,'Indoor',35)
,(20,'Commercial',36)
,(21,'Wall',27)
,(22,'Without Light',28)
,(23,'Outdoor',35)
,(24,'Residential',36)
;

insert into tblTypeSpecValue(TypeSpecID, Value, TypeID, Range)
values (27,'5,467',29,0)
,(28,'1.95',30,1)
,(29,'21.14',30,2)
,(30,'100',31,1)
,(31,'240',31,2)
,(32,'35',32,1)
,(33,'200',32,2)
,(34,'7',37,0)
,(35,'35',38,0)
,(36,'60',39,0)
,(37,'12.3',33,1)
,(38,'57',33,2)
,(39,'13',34,0)
;